{"cameraMode":{"drawMode":0,"name":"Shaded","section":"Shading Mode"},"sceneLighting":true,"audioPlay":false,"sceneViewState":{"m_AlwaysRefresh":true,"showFog":true,"showSkybox":true,"showFlares":true,"showImageEffects":true,"showParticleSystems":true,"showVisualEffectGraphs":true,"m_FxEnabled":false},"in2DMode":false,"pivot":{"x":-15.709644317626954,"y":-6.2260613441467289,"z":-49.71688461303711},"rotation":{"x":0.10503200441598892,"y":-0.8019168972969055,"z":0.14790087938308717,"w":0.5693296790122986},"size":13.847599983215332,"orthographic":false}