{"cameraMode":{"drawMode":0,"name":"Shaded","section":"Shading Mode"},"sceneLighting":true,"audioPlay":false,"sceneViewState":{"m_AlwaysRefresh":true,"showFog":true,"showSkybox":true,"showFlares":true,"showImageEffects":true,"showParticleSystems":true,"showVisualEffectGraphs":true,"m_FxEnabled":false},"in2DMode":false,"pivot":{"x":25.549068450927736,"y":-3.3842546939849855,"z":-1.7739852666854859},"rotation":{"x":-0.06644254177808762,"y":-0.6926425099372864,"z":0.06403540074825287,"w":-0.7154709696769714},"size":11.392509460449219,"orthographic":false}